temperature,humidity,moisture,soil_type,crop_type,N,P,K,fertilizer
29.8,88.2,55.0,Sandy,cotton,34.9,72.2,36.3,14-35-14
19.1,34.2,39.0,Black,tomato,45.5,33.1,52.6,17-17-17
38.2,93.0,54.3,Sandy,maize,51.2,63.9,20.5,28-28
37.3,57.3,66.8,Loamy,sugarcane,40.9,56.1,35.1,14-35-14
27.3,42.7,63.3,Black,sugarcane,81.5,22.9,13.5,Urea
23.3,81.5,47.1,Black,sugarcane,47.1,76.5,39.3,14-35-14
35.7,73.4,54.6,Red,cotton,50.0,61.9,29.5,DAP
35.8,62.5,52.1,Black,rice,45.7,62.6,40.0,14-35-14
38.7,40.0,55.2,Loamy,rice,95.4,24.5,21.9,Urea
27.7,59.4,36.7,Red,banana,34.3,47.4,38.5,17-17-17
37.3,67.5,53.8,Clayey,maize,56.4,65.2,16.9,28-28
38.3,64.3,35.5,Sandy,tomato,51.8,33.6,39.1,17-17-17
18.2,51.8,64.6,Loamy,cotton,45.0,80.3,10.1,DAP
39.2,58.6,36.7,Black,maize,58.9,46.6,15.3,28-28
22.3,80.1,45.6,Clayey,cotton,46.0,60.0,47.3,14-35-14
28.2,87.6,70.3,Black,banana,28.4,53.1,53.9,10-26-26
20.2,62.8,38.7,Loamy,potato,49.4,52.4,37.0,17-17-17
27.8,77.9,50.8,Red,cotton,68.0,62.2,19.2,28-28
37.7,31.9,66.1,Black,rice,43.9,46.0,29.2,20-20
16.0,47.8,77.3,Red,potato,40.6,31.3,35.4,17-17-17
32.9,34.7,24.3,Sandy,wheat,35.3,75.5,19.2,DAP
36.2,87.8,49.0,Clayey,rice,41.8,38.9,23.4,20-20
20.2,82.9,64.6,Clayey,tomato,14.7,52.9,67.3,10-26-26
39.7,33.6,28.5,Sandy,maize,40.6,42.4,17.4,20-20
22.7,54.1,53.0,Clayey,cotton,49.5,57.4,20.2,28-28
24.9,88.0,28.8,Clayey,rice,94.0,21.6,27.3,Urea
28.5,76.2,38.9,Black,cotton,44.6,78.4,17.2,DAP
15.7,54.5,68.6,Sandy,maize,115.6,17.6,29.4,Urea
16.9,56.5,44.4,Black,sugarcane,41.0,69.0,41.5,14-35-14
36.8,88.5,45.3,Loamy,maize,37.8,96.5,14.2,DAP
16.9,75.3,40.4,Red,maize,98.9,20.8,25.8,Urea
25.2,82.7,70.1,Clayey,cotton,45.5,60.6,46.5,14-35-14
24.9,83.8,30.2,Clayey,maize,46.1,50.2,22.7,28-28
16.3,34.1,31.2,Sandy,rice,49.9,54.9,25.0,20-20
24.8,64.6,24.0,Black,maize,87.0,28.8,22.6,Urea
39.4,34.2,69.3,Loamy,potato,49.4,33.9,49.5,17-17-17
25.7,65.6,30.5,Black,maize,59.9,69.0,15.8,28-28
34.3,69.1,73.6,Clayey,cotton,42.1,68.9,41.8,14-35-14
19.1,94.0,24.6,Black,tomato,13.5,71.5,71.2,10-26-26
36.3,56.3,24.7,Sandy,rice,47.2,67.7,34.5,14-35-14
23.5,52.0,20.4,Black,wheat,54.6,48.0,26.1,20-20
17.2,74.0,23.8,Clayey,tomato,38.3,41.9,50.6,17-17-17
33.2,90.0,65.7,Loamy,tomato,35.8,50.0,48.7,17-17-17
35.6,75.3,75.4,Sandy,banana,46.9,50.1,57.8,17-17-17
34.6,71.6,68.3,Red,wheat,101.0,21.8,17.8,Urea
28.3,90.9,22.4,Black,cotton,25.4,63.5,12.1,DAP
24.9,36.8,64.2,Red,wheat,113.8,26.8,11.8,Urea
21.2,67.5,24.0,Black,cotton,68.0,64.0,25.1,28-28
15.5,44.5,23.4,Red,tomato,18.6,56.9,65.5,10-26-26
25.4,59.2,55.9,Red,tomato,18.6,61.6,70.7,10-26-26
28.6,30.5,25.7,Red,tomato,24.5,52.4,71.5,10-26-26
18.5,48.0,78.3,Clayey,rice,39.6,55.9,42.2,14-35-14
15.9,71.5,24.9,Black,potato,38.9,38.0,43.0,17-17-17
15.8,35.9,71.3,Clayey,maize,49.5,54.6,17.3,20-20
24.2,90.6,69.7,Black,cotton,48.4,70.8,44.6,14-35-14
18.8,39.9,39.7,Sandy,banana,50.2,51.9,47.3,17-17-17
35.5,70.7,69.2,Loamy,maize,91.7,11.4,12.0,Urea
25.2,86.6,66.9,Clayey,maize,42.2,95.1,18.1,DAP
23.4,77.5,45.2,Black,wheat,65.0,64.1,28.0,28-28
17.8,91.6,45.4,Sandy,potato,25.3,58.5,76.6,10-26-26
38.5,78.1,25.2,Loamy,wheat,43.2,44.4,15.7,20-20
19.6,73.2,72.9,Clayey,sugarcane,43.7,53.3,35.8,14-35-14
22.3,51.6,37.6,Black,cotton,48.0,58.3,25.2,28-28
21.4,60.7,22.6,Black,tomato,39.9,52.3,42.4,17-17-17
16.9,53.3,27.0,Sandy,sugarcane,107.0,11.9,17.4,Urea
19.3,82.5,61.6,Loamy,wheat,49.0,43.2,17.1,20-20
38.5,62.0,62.1,Red,tomato,47.2,40.2,49.5,17-17-17
24.2,85.6,68.1,Sandy,tomato,23.9,54.8,76.9,10-26-26
20.3,66.8,56.9,Clayey,potato,18.1,69.5,70.9,10-26-26
17.6,56.1,63.7,Black,maize,43.5,40.0,25.7,28-28
20.8,75.9,38.5,Clayey,tomato,32.2,52.3,51.3,17-17-17
38.2,61.4,38.9,Red,wheat,52.8,48.9,18.7,20-20
28.2,88.9,29.8,Black,sugarcane,46.2,78.4,36.7,14-35-14
38.3,36.8,36.1,Loamy,rice,50.6,42.2,21.1,20-20
30.3,31.6,27.0,Loamy,cotton,45.7,53.8,26.3,28-28
34.8,60.0,63.8,Red,rice,39.5,66.3,34.6,14-35-14
34.9,38.8,46.9,Clayey,potato,16.1,64.0,58.2,10-26-26
30.8,91.8,56.1,Clayey,cotton,37.8,91.7,22.9,DAP
39.9,87.7,68.6,Black,tomato,29.9,58.4,70.0,10-26-26
34.6,57.9,32.1,Clayey,cotton,69.9,64.8,27.7,28-28
29.6,77.9,53.5,Sandy,sugarcane,87.7,15.7,17.3,Urea
15.0,48.4,72.9,Sandy,wheat,47.2,43.1,25.1,20-20
28.0,39.3,66.5,Loamy,sugarcane,33.2,76.5,46.5,14-35-14
20.8,65.1,72.8,Loamy,maize,36.0,73.0,16.7,DAP
28.8,71.7,62.2,Black,cotton,39.0,70.2,41.7,14-35-14
28.6,81.5,52.9,Loamy,cotton,26.8,93.9,18.6,DAP
21.8,83.5,51.1,Red,potato,21.6,71.9,62.3,10-26-26
32.0,85.8,57.7,Black,banana,25.3,60.7,58.2,10-26-26
33.4,86.1,33.0,Sandy,cotton,20.7,85.7,22.1,DAP
32.0,79.4,55.7,Black,wheat,86.4,27.0,24.9,Urea
32.4,81.8,47.6,Sandy,wheat,126.1,11.3,10.9,Urea
37.1,39.9,55.9,Red,banana,38.5,47.6,37.7,17-17-17
18.4,91.8,46.8,Red,wheat,137.5,25.2,22.8,Urea
25.0,93.5,69.4,Black,maize,40.4,67.3,20.5,DAP
38.4,89.6,58.1,Sandy,cotton,42.7,49.4,15.6,28-28
23.9,57.3,43.4,Clayey,maize,36.9,45.9,26.1,20-20
27.1,44.3,35.2,Loamy,tomato,38.7,37.2,36.4,17-17-17
37.7,94.8,62.0,Red,cotton,68.2,55.9,26.0,28-28
29.8,55.4,44.8,Clayey,cotton,38.6,74.2,25.9,DAP
26.4,73.4,70.2,Loamy,maize,63.4,58.3,25.5,28-28
35.6,53.4,27.6,Sandy,sugarcane,126.2,14.3,22.5,Urea
21.1,93.2,43.6,Black,maize,127.7,20.1,21.5,Urea
19.7,58.9,49.3,Loamy,tomato,33.0,42.9,48.9,17-17-17
18.9,60.8,63.0,Black,wheat,47.2,46.4,21.4,28-28
17.6,88.7,50.3,Sandy,wheat,97.9,12.0,11.1,Urea
27.8,44.7,58.7,Red,rice,121.5,17.7,28.7,Urea
21.3,87.4,53.7,Red,potato,19.9,78.8,73.1,10-26-26
37.8,46.1,54.7,Red,wheat,82.0,16.2,25.6,Urea
16.7,35.0,26.3,Sandy,wheat,134.6,12.5,14.7,Urea
27.1,37.6,60.9,Loamy,maize,44.1,62.0,24.5,28-28
21.3,56.4,43.0,Loamy,banana,19.1,55.1,58.0,10-26-26
36.9,67.1,20.5,Red,banana,19.2,58.9,51.0,10-26-26
16.2,93.3,34.0,Black,sugarcane,110.9,21.8,10.9,Urea
23.5,50.1,76.8,Red,wheat,25.5,60.9,24.4,DAP
26.8,60.7,42.7,Loamy,potato,42.4,36.0,42.4,17-17-17
23.6,55.4,73.5,Red,rice,49.3,40.0,28.7,20-20
26.4,67.8,41.4,Sandy,wheat,48.3,41.8,29.0,20-20
39.2,58.6,35.6,Red,maize,48.7,52.9,25.3,20-20
31.2,46.0,63.1,Clayey,rice,48.5,47.3,28.4,20-20
16.0,70.4,66.7,Sandy,tomato,17.2,58.3,69.3,10-26-26
34.0,69.6,73.8,Clayey,rice,35.1,58.1,32.5,14-35-14
17.2,66.2,70.7,Clayey,maize,69.7,40.8,18.8,28-28
20.5,39.0,71.5,Clayey,banana,37.2,52.7,52.8,17-17-17
28.0,93.7,61.8,Sandy,maize,39.8,49.9,26.3,20-20
20.3,52.5,66.5,Loamy,wheat,35.5,63.5,17.0,DAP
39.2,89.5,30.0,Loamy,tomato,11.7,77.3,55.8,10-26-26
39.2,74.7,70.2,Sandy,rice,130.3,18.5,14.5,Urea
19.3,71.4,49.8,Black,maize,32.3,93.6,17.7,DAP
24.4,48.6,72.1,Clayey,wheat,128.1,29.6,21.1,Urea
20.3,45.4,57.7,Clayey,rice,43.3,40.2,28.0,20-20
17.3,68.2,48.9,Black,wheat,37.4,82.5,21.2,DAP
32.8,88.5,57.4,Sandy,maize,106.3,21.5,17.1,Urea
33.2,30.0,76.2,Sandy,banana,15.3,51.1,53.7,10-26-26
37.8,79.0,68.3,Red,wheat,48.9,89.1,16.1,DAP
22.8,56.7,32.6,Clayey,potato,41.6,41.2,56.6,17-17-17
31.5,65.9,55.8,Loamy,maize,39.3,81.1,24.6,DAP
38.9,64.5,44.0,Black,banana,27.4,62.7,70.7,10-26-26
40.0,43.7,35.9,Sandy,rice,36.7,50.4,24.5,20-20
18.0,77.5,31.6,Loamy,maize,136.7,19.5,27.2,Urea
24.4,92.7,36.4,Clayey,maize,54.2,35.9,17.1,20-20
31.3,54.0,71.9,Black,cotton,26.1,63.6,13.1,DAP
37.9,92.3,23.5,Red,sugarcane,117.2,15.5,13.8,Urea
21.2,77.2,79.5,Black,cotton,39.7,72.4,24.8,DAP
26.6,53.0,55.0,Red,rice,138.5,29.7,24.0,Urea
29.2,82.8,68.5,Red,potato,23.4,64.3,69.3,10-26-26
34.0,66.5,66.3,Black,rice,122.6,12.2,18.8,Urea
39.4,38.8,33.9,Loamy,wheat,52.6,41.5,15.6,28-28
28.3,39.2,20.7,Red,sugarcane,39.0,52.5,38.0,14-35-14
19.9,92.4,28.6,Red,tomato,23.9,64.7,65.4,10-26-26
32.3,87.4,76.9,Black,wheat,52.0,42.1,18.9,20-20
17.9,46.5,37.7,Red,cotton,60.4,57.8,17.2,28-28
39.1,89.1,63.3,Clayey,sugarcane,47.4,53.9,45.8,14-35-14
18.5,43.1,31.1,Clayey,maize,29.4,91.9,29.4,DAP
21.4,94.9,31.3,Sandy,potato,12.0,67.4,68.8,10-26-26
24.3,31.8,43.6,Loamy,rice,42.9,51.3,45.2,14-35-14
33.9,81.6,49.7,Black,maize,45.0,40.3,25.9,20-20
20.3,78.9,23.1,Red,wheat,53.3,50.0,20.9,28-28
37.5,70.5,27.9,Loamy,potato,36.1,57.3,52.8,17-17-17
34.9,78.1,58.7,Clayey,tomato,32.6,41.3,42.4,17-17-17
20.0,34.3,73.2,Clayey,cotton,54.9,67.5,26.6,28-28
37.4,78.4,24.6,Black,wheat,63.8,44.7,15.8,28-28
28.5,69.3,33.2,Sandy,wheat,40.6,64.6,27.4,28-28
39.8,70.1,56.7,Clayey,sugarcane,81.4,20.5,18.0,Urea
25.8,94.8,53.5,Clayey,sugarcane,34.4,60.5,37.5,14-35-14
27.0,31.2,35.6,Loamy,maize,24.1,81.4,14.3,DAP
16.4,67.0,59.1,Sandy,maize,60.3,57.0,28.9,28-28
37.7,39.0,23.3,Loamy,rice,37.9,48.2,25.9,20-20
24.7,40.4,21.4,Black,rice,39.2,58.7,48.0,14-35-14
29.9,69.2,61.0,Red,maize,52.9,48.3,26.5,28-28
29.0,85.2,46.6,Red,wheat,43.8,46.0,26.9,20-20
18.3,66.8,46.5,Loamy,maize,61.7,60.7,20.1,28-28
16.3,34.7,44.2,Red,cotton,35.6,74.1,48.6,14-35-14
33.4,54.1,63.2,Sandy,potato,24.1,64.7,61.5,10-26-26
37.6,84.3,31.8,Black,cotton,57.6,50.6,27.0,28-28
15.1,73.6,58.5,Black,cotton,52.4,59.6,23.7,28-28
18.6,78.2,34.6,Black,maize,51.6,65.6,29.3,28-28
21.8,60.7,79.0,Sandy,cotton,37.2,64.2,30.9,14-35-14
35.1,94.3,42.6,Loamy,potato,10.9,50.4,77.6,10-26-26
26.7,62.8,55.1,Black,banana,29.4,55.3,67.9,10-26-26
22.8,62.9,46.4,Red,maize,39.2,68.6,22.4,DAP
30.7,86.1,27.9,Clayey,tomato,57.3,36.6,31.7,17-17-17
39.8,43.5,41.3,Black,potato,42.6,40.7,47.8,17-17-17
36.8,35.7,49.2,Loamy,tomato,37.9,48.7,54.9,17-17-17
31.4,92.3,75.9,Clayey,banana,24.5,58.2,75.4,10-26-26
20.9,33.9,51.1,Red,potato,18.1,77.9,52.7,10-26-26
31.8,46.8,60.5,Sandy,rice,44.4,78.6,44.4,14-35-14
21.3,52.5,30.9,Loamy,sugarcane,115.0,18.0,19.2,Urea
24.4,79.2,52.4,Loamy,wheat,47.4,47.8,25.5,20-20
39.0,85.1,41.3,Red,wheat,120.6,19.7,19.9,Urea
15.5,36.8,68.0,Black,maize,119.2,14.8,12.0,Urea
33.1,70.3,73.8,Sandy,cotton,36.3,58.3,49.6,14-35-14
27.9,47.0,79.8,Red,rice,134.0,22.7,16.8,Urea
35.3,95.0,79.8,Clayey,maize,126.1,28.9,27.0,Urea
19.4,67.7,74.2,Loamy,potato,23.4,55.6,68.7,10-26-26
33.3,33.1,54.0,Black,rice,87.2,16.8,11.8,Urea
37.6,45.1,68.4,Red,wheat,47.0,86.0,27.5,DAP
17.9,92.1,38.8,Red,cotton,46.5,79.5,35.8,14-35-14
24.5,43.4,27.3,Red,cotton,22.1,98.4,19.6,DAP
27.1,86.1,55.3,Loamy,cotton,40.4,66.9,38.8,14-35-14
33.0,47.7,44.1,Sandy,sugarcane,33.8,73.5,44.3,14-35-14
17.1,32.8,60.0,Sandy,cotton,45.6,66.3,32.0,14-35-14
30.3,32.6,74.1,Sandy,potato,27.4,75.0,75.0,10-26-26
30.7,75.5,62.7,Black,potato,27.2,63.7,57.9,10-26-26
33.5,30.9,34.9,Sandy,cotton,35.4,57.4,31.3,14-35-14
28.8,82.3,22.8,Loamy,cotton,40.3,74.2,35.1,14-35-14
16.0,51.2,48.1,Clayey,banana,59.5,36.3,33.9,17-17-17
35.1,46.0,78.6,Red,maize,50.1,49.4,16.8,28-28
15.4,43.5,62.8,Black,sugarcane,43.2,60.4,37.8,14-35-14
27.8,37.8,38.7,Black,potato,55.8,34.1,58.6,17-17-17
32.7,36.9,54.0,Loamy,cotton,44.2,82.0,10.9,DAP
37.5,81.5,60.6,Red,maize,57.4,47.6,26.3,28-28
25.4,78.6,77.7,Sandy,potato,15.1,74.9,71.1,10-26-26
28.1,60.6,59.4,Red,maize,65.1,50.8,27.9,28-28
31.9,84.5,71.5,Black,cotton,38.8,68.3,33.2,14-35-14
33.0,63.2,56.3,Black,banana,59.4,58.0,58.0,17-17-17
37.0,45.4,74.5,Clayey,sugarcane,101.0,24.2,19.6,Urea
34.1,39.5,61.4,Clayey,tomato,39.9,45.0,49.4,17-17-17
29.3,38.9,76.3,Sandy,rice,48.4,41.7,18.8,20-20
36.6,83.1,35.5,Black,wheat,135.8,21.1,21.4,Urea
15.9,67.4,67.2,Clayey,potato,29.2,74.2,63.8,10-26-26
29.7,67.8,79.4,Black,cotton,60.3,44.2,23.7,28-28
26.6,70.2,48.8,Sandy,tomato,46.4,36.1,38.8,17-17-17
39.8,72.8,23.0,Clayey,banana,27.6,65.8,74.7,10-26-26
16.9,94.1,36.3,Loamy,cotton,49.1,56.9,27.1,28-28
18.8,83.1,32.4,Clayey,rice,44.7,59.0,36.5,14-35-14
25.1,59.6,62.3,Sandy,banana,23.2,61.8,61.1,10-26-26
24.4,82.1,46.1,Clayey,banana,35.4,58.4,36.6,17-17-17
26.1,62.1,71.7,Loamy,maize,57.8,41.6,21.8,28-28
24.7,71.1,62.2,Loamy,sugarcane,33.3,71.4,43.3,14-35-14
32.2,45.7,74.7,Loamy,cotton,44.2,78.5,30.6,14-35-14
22.1,83.2,51.9,Black,sugarcane,41.5,50.9,43.5,14-35-14
37.8,69.8,72.4,Red,cotton,32.4,77.1,31.3,14-35-14
38.6,56.6,59.7,Sandy,banana,15.1,70.3,66.3,10-26-26
39.0,79.6,71.3,Red,rice,46.7,73.5,37.5,14-35-14
36.0,41.3,77.6,Loamy,wheat,45.4,85.2,24.7,DAP
26.0,63.2,35.5,Red,banana,56.1,44.2,51.4,17-17-17
19.1,42.1,70.2,Sandy,maize,98.7,14.5,22.2,Urea
35.1,33.4,29.6,Loamy,maize,47.0,40.7,27.5,28-28
28.1,44.2,47.5,Loamy,sugarcane,33.5,56.4,30.3,14-35-14
24.7,87.7,73.6,Loamy,potato,48.5,57.8,58.9,17-17-17
35.2,80.1,74.9,Black,wheat,53.5,39.1,28.1,20-20
32.3,55.2,40.8,Clayey,banana,14.8,56.2,57.5,10-26-26
35.4,57.1,38.6,Black,tomato,50.3,33.6,32.1,17-17-17
25.5,88.8,64.4,Loamy,cotton,38.4,77.4,21.5,DAP
24.8,45.2,33.2,Red,sugarcane,41.1,62.5,38.6,14-35-14
35.2,54.7,22.8,Clayey,wheat,54.1,36.4,20.3,20-20
32.6,45.4,50.7,Red,cotton,45.7,79.1,35.3,14-35-14
15.7,83.5,32.6,Clayey,maize,25.6,94.3,26.4,DAP
38.7,45.9,27.9,Clayey,tomato,27.9,79.2,75.8,10-26-26
32.4,56.3,45.7,Sandy,wheat,20.5,73.6,26.4,DAP
21.4,64.3,30.3,Loamy,tomato,43.9,31.0,33.7,17-17-17
23.5,86.7,52.7,Red,cotton,42.6,60.7,12.5,DAP
21.9,83.8,64.4,Clayey,banana,33.6,34.2,38.6,17-17-17
19.0,46.8,56.3,Clayey,maize,66.7,57.4,24.5,28-28
17.8,57.5,22.5,Loamy,cotton,28.4,94.3,15.8,DAP
18.9,70.7,21.7,Red,wheat,40.5,44.0,20.2,20-20
34.0,77.1,58.2,Sandy,wheat,109.4,14.4,29.8,Urea
36.7,34.2,77.3,Clayey,sugarcane,38.6,59.5,38.7,14-35-14
29.6,47.3,21.9,Black,rice,53.7,39.1,26.0,20-20
22.9,30.2,60.9,Sandy,wheat,45.1,71.2,22.9,DAP
16.5,75.0,28.4,Black,maize,52.1,55.6,29.9,28-28
38.8,31.4,79.0,Clayey,cotton,46.8,57.0,20.3,28-28
24.2,78.4,63.3,Sandy,sugarcane,85.6,17.4,15.3,Urea
28.2,83.7,37.9,Loamy,maize,40.4,86.2,15.5,DAP
37.4,50.9,27.5,Black,cotton,38.1,83.3,25.0,DAP
22.0,43.5,51.0,Sandy,cotton,31.0,75.0,46.9,14-35-14
21.6,57.4,22.4,Black,potato,47.3,47.1,40.0,17-17-17
35.7,66.6,65.7,Black,rice,43.9,37.8,16.5,20-20
35.7,49.2,20.9,Sandy,rice,42.7,52.1,30.1,14-35-14
32.4,41.9,39.1,Sandy,tomato,57.2,37.3,32.7,17-17-17
24.9,77.3,40.7,Black,maize,44.0,51.5,24.3,28-28
19.2,44.1,37.7,Sandy,rice,121.8,17.7,24.7,Urea
25.4,34.1,43.8,Loamy,banana,43.5,56.1,45.9,17-17-17
19.7,88.0,45.9,Loamy,wheat,41.4,38.6,18.6,20-20
18.8,52.3,44.8,Clayey,wheat,42.3,84.5,12.1,DAP
29.3,69.7,76.5,Sandy,banana,30.7,46.0,50.7,17-17-17
35.5,53.0,59.3,Loamy,rice,39.4,36.1,15.3,20-20
33.9,52.6,59.9,Red,maize,47.8,69.4,18.0,DAP
19.3,72.6,70.9,Loamy,maize,43.8,76.2,23.1,DAP
22.7,46.2,50.9,Sandy,rice,44.9,52.3,47.5,14-35-14
34.2,58.2,46.8,Loamy,wheat,55.0,59.3,15.4,28-28
15.5,81.5,24.1,Clayey,sugarcane,41.2,68.9,43.8,14-35-14
37.1,47.6,31.6,Red,cotton,41.9,42.1,23.6,28-28
36.3,89.4,35.9,Black,tomato,17.9,57.6,79.5,10-26-26
35.3,72.7,27.7,Sandy,cotton,26.7,74.9,18.6,DAP
23.0,60.5,50.1,Black,maize,58.9,64.9,26.8,28-28
38.5,89.5,20.7,Clayey,cotton,33.6,79.1,32.3,14-35-14
36.1,84.5,48.1,Black,maize,96.4,11.1,27.3,Urea
32.7,79.9,25.2,Black,maize,108.9,20.7,11.0,Urea
39.2,92.6,71.2,Clayey,rice,91.5,15.4,19.7,Urea
16.5,49.3,37.9,Sandy,potato,53.5,33.7,49.0,17-17-17
22.6,87.0,79.8,Red,maize,33.5,88.9,27.7,DAP
24.5,55.9,54.8,Red,maize,31.8,82.0,24.9,DAP
21.0,48.3,44.7,Loamy,rice,35.4,52.6,29.5,20-20
21.2,50.6,68.5,Loamy,banana,39.1,55.8,55.7,17-17-17
24.6,53.9,30.9,Clayey,rice,45.5,65.5,37.0,14-35-14
25.9,88.8,40.9,Sandy,sugarcane,134.6,16.0,20.5,Urea
17.1,68.8,79.2,Loamy,sugarcane,102.1,19.3,24.9,Urea
25.6,59.0,35.2,Clayey,banana,19.7,66.3,59.1,10-26-26
15.8,65.7,52.1,Red,wheat,133.7,12.6,16.6,Urea
37.5,44.0,73.1,Black,maize,40.2,69.4,29.5,28-28
32.3,43.4,43.5,Sandy,sugarcane,34.1,65.2,38.4,14-35-14
30.0,72.4,29.2,Black,cotton,44.1,66.8,16.1,28-28
17.4,41.5,79.2,Black,wheat,42.6,42.0,28.4,28-28
27.6,37.6,30.1,Black,wheat,55.2,59.1,29.8,28-28
29.8,57.5,32.1,Clayey,wheat,44.7,45.8,27.3,20-20
23.6,47.6,78.0,Red,sugarcane,33.3,67.5,50.0,14-35-14
17.4,74.5,46.4,Red,rice,130.0,13.5,17.8,Urea
24.9,76.5,36.9,Loamy,wheat,45.7,50.4,23.2,28-28
33.9,36.7,52.2,Red,rice,87.6,17.9,25.9,Urea
25.2,90.6,79.5,Loamy,sugarcane,102.8,28.5,24.4,Urea
20.2,34.7,62.2,Clayey,wheat,45.4,40.3,26.5,20-20
34.1,39.4,20.5,Loamy,maize,44.1,45.4,15.1,20-20
37.9,85.9,22.1,Black,rice,38.2,76.2,42.8,14-35-14
37.6,85.3,44.9,Red,tomato,22.0,51.8,62.4,10-26-26
31.5,40.5,35.3,Clayey,wheat,36.8,90.0,21.2,DAP
29.3,68.2,31.1,Clayey,cotton,30.0,61.0,10.5,DAP
37.6,54.4,53.0,Red,wheat,65.0,64.2,18.4,28-28
31.5,81.8,36.3,Sandy,cotton,59.1,62.4,18.4,28-28
24.3,86.5,63.8,Sandy,rice,45.1,51.1,37.9,14-35-14
34.3,75.7,56.9,Loamy,cotton,57.9,70.0,26.5,28-28
22.2,57.5,59.0,Clayey,tomato,21.8,66.8,72.2,10-26-26
28.6,65.9,41.4,Sandy,rice,54.3,42.5,18.9,20-20
19.5,86.0,76.8,Loamy,wheat,133.8,20.5,26.0,Urea
38.0,52.4,23.3,Sandy,banana,55.9,33.2,46.6,17-17-17
26.0,69.8,76.6,Red,wheat,40.3,79.8,10.3,DAP
30.6,67.2,70.0,Black,sugarcane,30.2,70.2,31.0,14-35-14
24.8,46.8,40.8,Sandy,banana,48.8,58.1,50.4,17-17-17
38.3,38.5,67.8,Black,potato,45.1,57.3,51.5,17-17-17
15.4,57.5,43.7,Black,maize,122.4,24.6,25.4,Urea
29.6,92.4,59.6,Clayey,rice,53.8,36.0,20.3,20-20
36.7,41.5,61.6,Loamy,maize,40.5,79.9,22.4,DAP
27.0,79.9,57.7,Clayey,tomato,43.5,45.9,52.4,17-17-17
27.9,93.3,56.1,Black,maize,129.3,16.9,17.0,Urea
20.4,73.0,49.0,Red,sugarcane,46.1,73.2,41.0,14-35-14
32.4,53.7,54.0,Loamy,maize,48.3,61.3,19.1,28-28
22.5,92.5,52.1,Loamy,tomato,45.3,42.9,31.6,17-17-17
28.7,59.5,70.7,Clayey,cotton,23.8,94.6,14.9,DAP
20.1,61.4,36.1,Red,cotton,43.8,54.3,41.9,14-35-14
19.4,53.5,74.4,Sandy,cotton,27.7,72.1,24.6,DAP
21.9,44.5,71.4,Loamy,rice,43.6,43.8,19.7,20-20
37.2,94.5,37.6,Red,wheat,63.0,47.6,28.0,28-28
24.3,46.6,26.4,Red,wheat,55.9,56.1,19.2,28-28
35.1,81.4,38.3,Sandy,maize,32.1,66.9,23.9,DAP
34.2,47.3,66.0,Sandy,tomato,16.4,64.0,78.3,10-26-26
36.6,40.2,38.6,Loamy,cotton,43.5,73.9,35.0,14-35-14
31.6,64.1,58.4,Sandy,maize,46.7,36.7,21.7,20-20
16.3,65.2,62.5,Loamy,cotton,43.5,84.5,19.7,DAP
25.1,62.9,78.3,Sandy,potato,25.8,56.8,70.4,10-26-26
31.9,74.0,42.4,Black,wheat,58.9,41.6,24.7,28-28
35.7,44.0,68.6,Clayey,cotton,37.1,65.2,48.8,14-35-14
29.3,55.5,21.7,Loamy,maize,63.4,49.4,18.7,28-28
20.1,80.0,45.5,Clayey,tomato,31.0,43.4,54.5,17-17-17
18.4,67.7,50.3,Black,maize,66.3,53.3,29.8,28-28
33.9,48.3,39.1,Loamy,banana,33.4,35.2,46.4,17-17-17
38.5,88.2,55.9,Red,rice,137.7,26.9,24.9,Urea
27.9,88.9,54.3,Loamy,maize,45.9,89.4,20.4,DAP
40.0,36.8,49.9,Red,rice,39.5,53.3,42.7,14-35-14
28.9,83.7,57.9,Sandy,cotton,58.0,52.4,29.4,28-28
17.2,79.1,27.7,Red,cotton,24.8,62.5,12.4,DAP
39.0,55.3,43.1,Red,rice,33.1,66.6,40.8,14-35-14
21.4,78.9,50.8,Loamy,tomato,47.9,59.9,43.1,17-17-17
15.1,95.0,68.1,Red,wheat,41.0,38.0,19.3,20-20
33.8,70.4,52.4,Red,rice,49.6,47.6,20.4,20-20
25.0,82.8,20.8,Sandy,banana,54.0,58.0,30.6,17-17-17
37.0,88.0,31.8,Clayey,banana,28.7,76.0,79.5,10-26-26
21.4,38.8,35.6,Clayey,potato,54.6,59.1,43.6,17-17-17
23.4,67.0,71.7,Clayey,banana,20.1,76.0,78.6,10-26-26
17.3,47.1,72.5,Sandy,wheat,35.3,47.3,29.4,20-20
34.3,89.5,31.3,Black,maize,60.9,58.3,18.0,28-28
38.5,86.7,47.1,Sandy,cotton,40.0,58.4,24.2,28-28
30.3,49.9,39.6,Black,potato,55.9,37.0,50.9,17-17-17
35.2,73.7,49.8,Red,rice,35.4,43.6,15.5,20-20
20.5,58.8,57.1,Red,banana,12.1,78.9,76.7,10-26-26
31.2,68.6,43.0,Clayey,maize,44.6,74.9,26.4,DAP
23.7,93.4,58.5,Sandy,cotton,24.0,94.5,28.5,DAP
34.5,55.9,46.6,Clayey,cotton,65.0,56.2,27.7,28-28
19.3,70.4,72.9,Sandy,maize,52.0,52.3,21.1,20-20
36.3,73.6,68.6,Black,cotton,33.6,83.5,13.4,DAP
19.2,63.3,49.2,Black,rice,53.9,46.6,23.1,20-20
30.5,52.6,32.5,Black,sugarcane,100.5,20.7,19.2,Urea
20.8,91.3,59.0,Clayey,maize,110.8,14.6,13.5,Urea
16.6,87.0,72.6,Clayey,cotton,36.8,79.7,42.5,14-35-14
16.7,79.8,55.0,Clayey,rice,37.0,70.3,45.2,14-35-14
20.0,40.7,34.4,Red,cotton,44.5,69.0,21.7,28-28
20.7,75.0,34.0,Clayey,wheat,59.6,47.5,24.8,28-28
39.5,36.3,38.2,Clayey,maize,42.0,53.6,16.0,20-20
17.3,41.9,76.1,Sandy,sugarcane,111.0,23.1,18.7,Urea
38.2,94.8,67.8,Black,maize,46.5,50.1,22.0,28-28
29.9,33.3,49.8,Clayey,maize,100.1,25.4,12.1,Urea
15.6,94.3,22.5,Loamy,maize,61.9,49.5,20.9,28-28
22.1,60.1,46.3,Loamy,sugarcane,30.9,58.3,46.3,14-35-14
29.6,55.4,41.3,Black,cotton,40.5,57.4,16.6,28-28
31.4,66.7,76.0,Sandy,potato,52.8,51.4,35.8,17-17-17
25.5,69.1,76.2,Loamy,maize,44.8,59.7,29.6,28-28
26.1,73.5,38.9,Black,wheat,36.1,35.8,25.8,20-20
24.6,57.2,22.7,Black,wheat,49.0,50.2,16.6,20-20
24.4,91.8,63.9,Clayey,rice,89.4,13.1,11.2,Urea
34.7,45.8,38.4,Clayey,wheat,36.3,47.2,29.8,20-20
21.1,56.2,73.7,Clayey,cotton,48.0,54.6,49.8,14-35-14
35.0,73.1,25.5,Red,rice,31.4,52.4,37.1,14-35-14
23.6,51.4,56.1,Loamy,wheat,50.5,36.4,24.9,20-20
16.9,41.0,27.6,Loamy,maize,55.6,47.4,20.4,28-28
24.3,91.4,58.5,Black,cotton,42.0,79.7,36.5,14-35-14
37.4,44.8,64.4,Loamy,banana,27.2,71.0,62.1,10-26-26
21.2,87.1,68.8,Black,potato,26.1,53.3,61.9,10-26-26
39.6,89.3,46.3,Black,maize,42.2,51.5,25.5,20-20
24.9,93.4,63.3,Black,wheat,42.7,98.1,28.2,DAP
34.5,37.4,53.9,Black,wheat,108.3,13.6,19.7,Urea
37.1,35.6,52.3,Red,tomato,48.6,33.6,59.3,17-17-17
15.3,76.5,62.4,Red,maize,63.8,48.3,17.1,28-28
34.5,58.4,57.7,Black,cotton,69.8,47.2,28.1,28-28
18.0,64.6,37.1,Black,banana,27.3,54.9,74.4,10-26-26
18.8,46.0,29.6,Black,wheat,97.1,13.5,27.9,Urea
25.7,47.7,43.0,Sandy,banana,13.0,63.7,64.8,10-26-26
28.6,62.1,24.9,Black,maize,26.6,76.7,14.1,DAP
33.4,51.5,74.4,Red,rice,39.3,78.9,40.4,14-35-14
34.7,70.6,49.7,Clayey,cotton,24.3,89.0,13.8,DAP
28.1,34.3,78.4,Sandy,maize,44.6,42.1,25.2,20-20
39.8,80.1,32.6,Loamy,potato,14.7,62.3,73.4,10-26-26
38.7,77.2,56.8,Loamy,wheat,136.0,27.3,10.9,Urea
27.4,83.8,40.1,Loamy,wheat,23.4,63.5,24.4,DAP
34.3,34.4,70.2,Black,sugarcane,134.9,24.4,22.2,Urea
35.7,48.3,72.4,Clayey,rice,31.4,57.9,30.9,14-35-14
15.7,80.9,20.6,Sandy,tomato,43.0,46.1,44.3,17-17-17
27.1,31.8,50.3,Black,rice,37.7,51.2,30.6,14-35-14
25.0,61.2,57.7,Red,maize,103.9,11.8,16.7,Urea
36.8,94.9,56.5,Sandy,potato,16.4,79.9,75.4,10-26-26
34.3,44.8,75.3,Loamy,potato,12.9,57.6,77.4,10-26-26
19.9,35.6,56.3,Clayey,wheat,48.5,45.6,24.9,20-20
35.0,75.2,36.3,Loamy,sugarcane,101.7,11.8,28.3,Urea
28.2,77.7,23.3,Loamy,banana,15.7,63.8,55.8,10-26-26
21.0,32.1,40.2,Black,tomato,53.9,40.1,51.2,17-17-17
21.3,30.1,29.5,Loamy,wheat,48.3,64.1,27.1,DAP
27.1,59.1,79.7,Red,rice,81.1,19.9,13.6,Urea
34.4,55.1,50.4,Loamy,banana,54.2,34.1,32.1,17-17-17
29.6,74.7,43.8,Loamy,maize,20.1,98.1,22.8,DAP
20.6,90.7,40.7,Red,potato,21.3,78.3,50.1,10-26-26
36.2,62.0,48.3,Sandy,maize,46.1,46.8,29.0,20-20
31.8,41.7,61.6,Clayey,rice,44.8,75.9,40.6,14-35-14
20.9,47.5,59.3,Black,potato,13.9,72.0,54.6,10-26-26
26.3,64.5,21.1,Clayey,wheat,47.4,98.7,13.7,DAP
31.4,64.8,24.9,Red,wheat,69.7,40.9,21.7,28-28
36.1,50.7,69.7,Sandy,wheat,115.8,14.6,12.4,Urea
33.1,78.7,28.8,Red,wheat,37.1,60.7,19.6,DAP
19.6,79.1,45.5,Loamy,sugarcane,91.1,29.4,25.5,Urea
20.9,38.0,27.4,Black,rice,41.4,35.7,16.9,20-20
20.7,83.1,75.8,Red,maize,50.1,66.1,16.3,28-28
21.0,61.4,73.2,Black,potato,25.0,52.9,64.3,10-26-26
37.8,43.6,22.4,Clayey,rice,51.6,54.4,28.3,20-20
21.2,59.3,27.7,Black,rice,116.4,14.6,23.4,Urea
26.2,77.3,61.6,Clayey,banana,33.1,47.1,45.9,17-17-17
26.4,80.7,79.9,Red,cotton,53.8,52.9,19.6,28-28
15.3,45.7,78.6,Loamy,wheat,48.8,79.5,12.2,DAP
28.1,77.6,20.2,Clayey,wheat,97.8,27.1,24.3,Urea
32.7,30.5,51.1,Black,maize,50.5,43.9,21.7,20-20
17.5,75.0,23.7,Red,maize,26.9,69.3,14.4,DAP
29.1,92.2,30.5,Sandy,maize,36.1,63.9,19.0,DAP
28.7,45.1,43.5,Clayey,wheat,34.9,99.5,12.7,DAP
16.0,31.4,66.5,Sandy,tomato,44.0,48.2,42.9,17-17-17
38.7,55.8,77.2,Clayey,sugarcane,92.9,10.6,15.2,Urea
39.7,50.5,26.9,Clayey,banana,24.4,75.6,57.7,10-26-26
16.6,68.9,56.1,Clayey,banana,29.5,66.3,66.8,10-26-26
20.5,40.3,23.7,Red,banana,42.1,45.1,55.2,17-17-17
24.6,62.1,37.0,Black,cotton,40.3,57.6,49.8,14-35-14
30.6,71.1,64.0,Black,cotton,41.5,96.4,13.6,DAP
32.9,32.7,43.9,Black,sugarcane,124.6,15.0,13.7,Urea
17.6,72.7,74.4,Red,wheat,48.7,38.8,22.8,20-20
17.6,89.7,67.4,Clayey,sugarcane,119.1,25.4,17.5,Urea
27.8,48.3,69.3,Clayey,tomato,52.0,56.3,51.7,17-17-17
17.1,36.0,56.1,Red,maize,92.8,28.9,25.6,Urea
25.2,51.3,47.2,Sandy,maize,67.1,66.7,27.3,28-28
31.6,76.5,36.1,Clayey,wheat,48.3,37.1,15.2,20-20
28.3,71.1,52.6,Loamy,rice,47.5,43.9,26.7,20-20
36.0,82.2,77.7,Black,maize,52.1,44.6,23.6,28-28
35.0,54.5,74.2,Red,potato,11.2,77.8,69.5,10-26-26
23.9,36.8,33.3,Sandy,cotton,42.2,57.4,31.2,14-35-14
18.4,52.2,26.8,Loamy,maize,93.7,13.5,29.6,Urea
20.3,37.9,62.1,Black,wheat,69.9,45.5,23.9,28-28
32.3,72.1,33.9,Black,maize,65.0,64.4,24.2,28-28
21.3,91.1,74.4,Black,banana,17.1,61.4,62.4,10-26-26
33.7,61.4,33.0,Red,banana,41.9,48.4,54.2,17-17-17
23.4,43.7,38.8,Sandy,tomato,19.5,51.2,69.2,10-26-26
20.3,31.5,73.8,Clayey,banana,14.6,58.4,53.8,10-26-26
30.1,68.4,68.4,Black,sugarcane,32.2,75.6,38.8,14-35-14
35.4,48.3,27.1,Clayey,wheat,117.7,27.5,24.7,Urea
38.9,62.2,50.8,Sandy,sugarcane,37.8,72.6,48.4,14-35-14
37.2,38.9,40.2,Sandy,wheat,49.6,42.7,26.8,20-20
22.5,47.1,29.8,Red,potato,21.8,52.7,62.9,10-26-26
23.4,41.7,36.9,Sandy,potato,53.5,52.5,43.7,17-17-17
19.5,35.6,62.8,Clayey,tomato,23.1,54.5,66.6,10-26-26
25.9,35.8,33.2,Black,maize,43.0,89.3,16.0,DAP
31.3,70.0,30.5,Red,potato,44.1,36.8,35.0,17-17-17
32.1,68.6,65.3,Black,maize,53.6,38.3,15.0,20-20
25.2,51.4,61.6,Loamy,tomato,39.1,54.3,38.8,17-17-17
28.5,92.9,24.0,Sandy,rice,31.5,61.3,46.1,14-35-14
23.4,95.0,44.3,Clayey,cotton,41.8,69.8,31.6,14-35-14
23.9,46.5,20.8,Clayey,cotton,64.7,67.0,23.3,28-28
20.0,40.9,26.3,Black,wheat,41.2,61.3,28.7,DAP
23.1,63.7,62.2,Sandy,wheat,138.3,29.2,15.0,Urea
25.8,47.9,73.3,Red,tomato,26.7,58.9,73.7,10-26-26
23.7,56.5,27.5,Loamy,wheat,64.8,57.5,20.1,28-28
39.9,76.8,37.2,Black,potato,36.9,56.9,37.7,17-17-17
19.6,65.2,58.7,Sandy,maize,68.4,65.3,19.4,28-28
37.5,80.9,66.8,Clayey,cotton,33.0,77.0,44.2,14-35-14
23.0,36.0,48.9,Black,maize,102.6,10.1,27.4,Urea
24.4,75.8,34.9,Black,maize,106.1,15.1,18.1,Urea
28.9,40.1,70.1,Clayey,maize,57.0,45.5,17.1,28-28
18.9,85.5,22.8,Loamy,cotton,36.9,73.8,16.3,DAP
26.2,66.3,30.0,Black,wheat,47.2,71.1,29.7,DAP
38.3,38.2,64.2,Red,rice,43.6,64.0,41.6,14-35-14
25.8,89.1,42.6,Red,sugarcane,31.8,70.6,39.9,14-35-14
26.3,32.8,38.6,Clayey,tomato,26.8,69.6,58.3,10-26-26
18.5,73.2,33.0,Loamy,cotton,45.9,78.4,25.0,DAP
38.4,69.2,48.4,Red,sugarcane,43.4,67.5,49.8,14-35-14
34.9,84.1,79.1,Red,banana,48.0,40.2,46.3,17-17-17
25.1,47.5,31.9,Sandy,potato,52.5,56.9,55.4,17-17-17
29.2,87.1,53.5,Clayey,wheat,41.5,42.9,15.7,28-28
16.8,67.4,71.2,Sandy,banana,40.8,32.6,36.1,17-17-17
20.6,83.6,56.5,Red,tomato,28.9,51.4,75.5,10-26-26
15.8,46.9,22.0,Clayey,cotton,64.7,58.9,27.9,28-28
22.6,45.0,20.1,Red,cotton,44.6,69.2,38.3,14-35-14
15.9,33.4,70.0,Clayey,potato,31.4,43.1,55.3,17-17-17
19.7,78.8,34.2,Black,potato,35.6,35.5,45.4,17-17-17
19.1,59.0,32.6,Black,rice,32.7,79.8,40.5,14-35-14
19.3,90.2,24.1,Sandy,cotton,43.9,63.7,31.8,14-35-14
30.5,53.3,26.8,Loamy,wheat,111.2,25.4,20.4,Urea
31.9,80.6,27.9,Black,tomato,14.8,77.7,65.7,10-26-26
22.8,85.2,25.3,Sandy,cotton,69.5,68.2,21.8,28-28
19.9,63.4,27.8,Sandy,potato,39.5,57.4,31.8,17-17-17
21.9,44.3,32.8,Sandy,maize,138.5,19.2,21.1,Urea
33.5,44.0,59.9,Loamy,cotton,44.9,59.8,47.8,14-35-14
31.1,67.1,41.4,Clayey,wheat,116.3,14.7,12.0,Urea
19.4,94.2,53.7,Loamy,tomato,16.5,52.8,79.3,10-26-26
26.8,59.0,20.4,Red,tomato,20.8,70.3,71.1,10-26-26
20.6,43.8,67.6,Clayey,rice,55.0,35.5,27.5,20-20
17.0,87.0,63.7,Red,banana,48.0,36.0,56.7,17-17-17
31.7,73.3,55.5,Black,maize,108.3,12.4,24.3,Urea
28.6,76.1,30.0,Sandy,rice,49.0,51.3,35.3,14-35-14
31.9,32.5,57.2,Loamy,wheat,41.3,50.9,16.5,28-28
17.0,57.8,61.3,Sandy,wheat,134.9,18.8,14.8,Urea
21.9,94.0,44.6,Red,cotton,26.9,68.5,10.6,DAP
24.6,90.9,52.5,Black,rice,34.4,71.8,42.3,14-35-14
27.7,39.6,56.7,Black,potato,24.3,78.1,77.4,10-26-26
34.6,68.9,32.1,Clayey,sugarcane,39.8,77.8,32.1,14-35-14
25.7,48.1,27.8,Clayey,cotton,40.5,64.6,15.6,28-28
15.3,31.3,78.4,Clayey,tomato,26.1,51.7,77.6,10-26-26
27.8,90.7,51.4,Clayey,potato,15.3,77.9,55.2,10-26-26
39.9,74.1,24.4,Black,potato,24.5,53.4,65.5,10-26-26
17.9,30.2,50.1,Black,banana,39.4,45.0,36.5,17-17-17
35.4,70.0,61.3,Clayey,wheat,36.6,60.2,25.2,DAP
18.1,81.6,36.5,Loamy,cotton,33.0,63.9,49.6,14-35-14
30.8,86.6,68.2,Red,sugarcane,133.6,20.8,26.1,Urea
30.1,61.8,51.7,Black,banana,51.8,54.4,37.7,17-17-17
38.7,52.1,51.0,Loamy,sugarcane,36.8,52.2,38.2,14-35-14
21.1,59.8,65.6,Loamy,rice,49.2,35.4,21.3,20-20
18.8,94.5,75.6,Red,wheat,45.3,80.8,22.5,DAP
17.0,33.9,34.8,Clayey,wheat,46.2,68.8,29.5,DAP
20.9,71.2,74.5,Sandy,rice,115.3,23.7,19.0,Urea
32.8,36.2,39.1,Black,cotton,68.7,46.6,28.3,28-28
35.0,39.8,50.5,Clayey,maize,115.5,23.6,10.3,Urea
39.2,79.5,77.0,Sandy,cotton,35.4,64.3,42.7,14-35-14
39.4,85.5,49.9,Clayey,banana,38.1,33.1,38.9,17-17-17
24.5,79.1,60.3,Red,tomato,18.2,78.0,51.5,10-26-26
17.3,79.2,54.9,Red,rice,38.7,36.1,23.8,20-20
33.4,79.6,75.8,Black,sugarcane,43.9,54.0,36.0,14-35-14
36.9,36.7,43.6,Black,rice,40.1,55.8,47.2,14-35-14
20.9,36.3,30.7,Loamy,maize,57.6,43.4,20.0,28-28
22.4,67.1,64.7,Red,maize,41.1,44.2,27.3,20-20
30.5,60.1,42.8,Loamy,cotton,34.4,61.0,16.8,DAP
22.1,75.1,38.3,Sandy,rice,47.4,36.5,22.7,20-20
22.0,80.0,31.2,Red,maize,92.0,24.7,20.6,Urea
29.4,40.5,48.3,Black,banana,36.7,32.1,54.8,17-17-17
28.4,50.1,68.8,Red,sugarcane,89.8,28.2,26.5,Urea
21.1,87.3,45.0,Clayey,banana,12.1,70.7,54.8,10-26-26
23.9,79.2,36.6,Sandy,maize,25.9,95.9,20.4,DAP
27.5,69.0,23.7,Clayey,maize,39.6,48.7,29.7,20-20
34.7,49.3,52.5,Sandy,cotton,33.3,76.7,34.8,14-35-14
38.3,77.8,36.9,Red,maize,20.2,87.8,11.0,DAP
36.3,65.9,53.7,Black,rice,115.4,19.6,18.4,Urea
25.6,76.7,46.6,Black,rice,39.7,51.3,23.8,20-20
16.0,56.4,51.0,Clayey,maize,60.2,54.4,27.1,28-28
16.7,54.0,47.9,Red,sugarcane,43.1,71.3,30.2,14-35-14
21.5,72.7,39.5,Red,wheat,27.1,69.4,27.7,DAP
21.5,46.1,74.4,Loamy,cotton,32.9,93.8,15.4,DAP
23.9,64.2,48.9,Clayey,wheat,43.1,60.4,18.3,DAP
28.0,63.9,55.3,Red,wheat,58.7,58.0,15.8,28-28
35.3,55.0,60.0,Clayey,cotton,47.2,42.8,19.7,28-28
34.4,59.5,51.5,Red,rice,104.0,21.2,13.1,Urea
19.7,83.2,27.0,Clayey,maize,43.4,46.2,15.1,20-20
16.3,33.4,61.5,Clayey,cotton,57.2,44.1,25.3,28-28
35.8,44.6,44.0,Black,cotton,69.3,45.4,27.0,28-28
24.4,86.9,74.3,Clayey,potato,39.9,33.2,58.6,17-17-17
27.8,78.2,61.9,Sandy,maize,93.1,22.9,18.4,Urea
37.5,43.3,31.4,Clayey,rice,108.3,21.3,11.3,Urea
24.9,73.5,73.5,Clayey,cotton,56.6,63.7,21.2,28-28
29.2,78.0,28.5,Black,banana,28.7,70.3,62.4,10-26-26
17.8,90.5,78.5,Loamy,rice,124.2,20.9,24.1,Urea
23.8,50.5,49.5,Clayey,tomato,30.2,52.9,45.4,17-17-17
15.8,92.8,51.6,Black,banana,10.1,70.1,79.2,10-26-26
21.0,64.5,59.1,Black,sugarcane,41.2,73.3,34.1,14-35-14
36.8,84.7,31.2,Sandy,wheat,33.7,79.3,12.7,DAP
23.7,60.2,59.0,Loamy,wheat,136.9,27.7,15.2,Urea
30.6,34.7,61.0,Loamy,cotton,46.5,74.1,41.1,14-35-14
22.7,75.8,32.1,Loamy,wheat,22.8,86.9,18.9,DAP
23.4,39.1,67.6,Clayey,rice,112.0,27.9,25.8,Urea
38.2,65.4,59.7,Clayey,rice,39.6,49.2,27.4,20-20
17.7,72.2,72.1,Clayey,banana,32.3,33.4,31.5,17-17-17
23.7,78.5,73.6,Red,maize,53.7,42.9,26.9,20-20
23.4,81.0,62.5,Red,maize,33.2,65.9,16.6,DAP
16.9,55.2,68.2,Black,cotton,31.3,76.3,37.8,14-35-14
29.7,62.0,31.5,Clayey,wheat,53.3,41.7,29.3,20-20
31.5,46.4,33.2,Red,rice,44.8,65.8,30.7,14-35-14
24.0,82.3,36.7,Sandy,cotton,30.2,79.9,43.5,14-35-14
33.0,52.9,39.5,Sandy,banana,27.5,51.2,74.1,10-26-26
16.1,59.3,75.8,Clayey,rice,37.8,71.9,47.6,14-35-14
20.5,42.1,66.8,Clayey,rice,117.8,14.3,20.4,Urea
15.9,84.0,40.7,Sandy,wheat,131.7,14.4,29.5,Urea
30.8,40.6,53.9,Clayey,maize,35.3,42.3,24.0,20-20
20.3,63.8,48.5,Loamy,maize,51.4,53.0,26.7,20-20
15.5,36.1,61.0,Sandy,wheat,99.1,26.9,10.5,Urea
17.5,53.4,36.2,Black,cotton,36.3,73.7,47.8,14-35-14
31.0,34.9,28.1,Black,potato,16.8,71.2,66.7,10-26-26
23.0,70.7,73.2,Loamy,sugarcane,94.0,10.5,27.4,Urea
17.1,69.4,72.9,Black,cotton,55.0,69.3,25.3,28-28
36.5,47.8,68.4,Clayey,rice,36.9,60.1,49.6,14-35-14
31.0,50.8,25.6,Red,tomato,12.6,78.4,64.3,10-26-26
37.8,82.5,33.0,Sandy,sugarcane,46.3,52.0,37.7,14-35-14
27.4,49.6,37.1,Sandy,maize,116.6,20.1,11.0,Urea
28.0,69.7,35.9,Red,potato,27.4,69.1,54.9,10-26-26
28.5,63.1,34.6,Sandy,wheat,44.2,40.7,18.7,20-20
22.0,72.0,72.4,Black,maize,46.4,47.1,22.8,20-20
30.1,46.1,41.4,Loamy,rice,43.7,60.0,31.1,14-35-14
28.2,40.5,54.3,Clayey,cotton,67.3,56.4,26.0,28-28
31.9,49.6,31.0,Clayey,tomato,44.2,36.8,48.5,17-17-17
29.5,32.3,47.9,Clayey,wheat,115.4,10.6,10.7,Urea
15.8,35.1,43.8,Loamy,cotton,37.0,87.6,26.0,DAP
39.8,93.1,76.5,Black,maize,25.2,63.9,23.2,DAP
25.4,46.3,39.2,Loamy,rice,40.9,46.4,21.6,20-20
17.3,73.4,28.0,Black,potato,30.4,56.9,30.9,17-17-17
29.7,59.0,70.2,Loamy,tomato,19.0,66.1,69.9,10-26-26
35.9,79.1,49.0,Loamy,tomato,26.0,65.9,64.4,10-26-26
28.3,92.5,26.6,Red,wheat,49.7,62.5,27.7,DAP
17.0,59.4,64.3,Black,potato,54.5,56.3,53.2,17-17-17
36.4,37.6,64.4,Sandy,maize,34.6,64.9,24.5,DAP
26.9,85.2,43.0,Sandy,potato,55.1,46.5,35.7,17-17-17
38.2,86.4,62.5,Black,tomato,53.3,54.2,53.0,17-17-17
38.1,93.4,70.0,Sandy,maize,58.8,67.9,25.1,28-28
36.1,39.1,51.2,Red,rice,48.4,48.8,20.1,20-20
15.2,63.2,45.0,Clayey,rice,87.2,16.8,28.9,Urea
18.3,88.5,61.5,Clayey,maize,129.4,20.6,26.3,Urea
24.6,59.3,54.8,Sandy,sugarcane,32.0,76.7,30.2,14-35-14
18.8,36.1,54.6,Sandy,wheat,24.8,78.5,10.2,DAP
31.7,59.1,49.3,Loamy,rice,47.5,42.2,29.9,20-20
32.2,52.4,36.6,Sandy,potato,25.0,69.3,60.7,10-26-26
38.7,46.4,41.6,Red,wheat,38.2,74.3,20.7,DAP
36.5,64.8,31.1,Sandy,sugarcane,84.0,25.0,14.2,Urea
16.0,78.4,46.8,Sandy,tomato,31.9,41.6,47.5,17-17-17
23.0,36.8,27.7,Clayey,potato,31.8,30.9,51.4,17-17-17
23.4,41.8,67.4,Black,cotton,20.6,86.1,16.6,DAP
29.2,48.4,69.5,Clayey,sugarcane,34.5,71.9,42.0,14-35-14
37.1,30.7,72.9,Red,rice,41.6,49.5,22.6,20-20
36.4,57.0,25.4,Clayey,potato,27.7,76.7,72.4,10-26-26
20.1,46.9,25.6,Loamy,wheat,43.4,45.3,25.6,20-20
37.2,67.0,57.9,Loamy,potato,31.5,37.0,44.8,17-17-17
22.0,56.3,79.9,Black,tomato,47.4,32.5,34.6,17-17-17
29.1,76.5,24.1,Red,cotton,55.4,63.2,15.7,28-28
33.1,65.0,23.6,Loamy,cotton,32.9,50.2,42.6,14-35-14
17.4,50.2,78.8,Clayey,sugarcane,81.0,25.3,26.1,Urea
36.4,90.3,77.0,Sandy,potato,29.2,66.4,51.9,10-26-26
30.5,78.9,29.5,Black,wheat,46.2,61.2,26.5,DAP
20.4,82.9,33.0,Clayey,rice,53.8,38.7,23.5,20-20
29.5,47.5,67.9,Black,wheat,24.5,78.6,23.6,DAP
37.4,50.7,26.6,Sandy,maize,105.6,26.4,27.2,Urea
38.5,83.2,79.0,Sandy,cotton,69.1,52.9,20.2,28-28
15.7,68.1,76.4,Red,wheat,114.4,12.6,26.2,Urea
34.5,75.9,46.8,Red,maize,23.4,70.8,11.1,DAP
29.7,41.3,77.8,Black,potato,13.6,77.5,64.0,10-26-26
29.4,79.5,66.9,Clayey,cotton,40.5,60.4,16.1,28-28
35.0,45.7,24.1,Black,potato,38.0,43.0,32.7,17-17-17
22.8,41.8,50.2,Sandy,tomato,37.7,43.9,34.0,17-17-17
39.8,73.2,32.0,Clayey,wheat,63.0,68.2,15.2,28-28
26.3,55.8,25.6,Clayey,maize,25.9,67.5,11.9,DAP
34.1,90.9,76.4,Sandy,rice,52.5,49.7,18.8,20-20
17.1,86.1,48.8,Sandy,potato,30.9,51.8,56.2,17-17-17
22.0,91.3,72.4,Black,cotton,34.9,99.7,27.0,DAP
23.7,77.2,73.8,Sandy,sugarcane,131.1,28.7,25.7,Urea
28.7,68.4,59.2,Clayey,wheat,42.3,51.9,17.9,20-20
28.5,75.3,62.1,Sandy,rice,40.0,62.4,47.4,14-35-14
16.3,90.2,77.7,Clayey,potato,11.8,71.9,60.4,10-26-26
31.9,50.3,66.4,Sandy,cotton,47.1,67.3,31.5,14-35-14
27.2,69.4,65.9,Clayey,maize,48.6,93.0,23.3,DAP
30.7,42.6,24.3,Red,maize,100.3,17.5,11.9,Urea
15.6,53.3,40.0,Sandy,tomato,34.2,52.1,55.7,17-17-17
16.2,32.0,53.3,Red,tomato,20.7,75.2,51.0,10-26-26
16.9,47.9,68.4,Loamy,cotton,40.9,63.0,30.9,14-35-14
21.9,89.9,55.0,Red,cotton,41.6,41.0,21.4,28-28
24.2,45.4,46.8,Clayey,banana,14.5,77.7,62.8,10-26-26
36.6,69.1,62.1,Red,tomato,48.9,43.7,44.5,17-17-17
27.8,89.7,74.2,Loamy,banana,17.3,68.6,54.8,10-26-26
36.0,31.1,22.9,Clayey,rice,45.8,40.7,29.9,20-20
24.0,78.9,50.0,Black,rice,35.7,47.7,27.9,20-20
36.7,59.6,50.9,Loamy,maize,40.0,65.6,10.6,DAP
38.9,35.1,51.9,Clayey,potato,13.6,67.3,78.7,10-26-26
22.9,79.8,49.9,Clayey,tomato,21.9,66.1,50.1,10-26-26
37.6,83.1,65.4,Sandy,cotton,53.9,65.9,18.7,28-28
39.6,66.0,75.8,Clayey,tomato,12.8,52.9,62.7,10-26-26
36.9,32.8,35.7,Sandy,rice,50.0,35.4,22.8,20-20
21.9,91.2,27.5,Loamy,maize,69.1,45.3,25.8,28-28
18.2,48.4,21.1,Sandy,cotton,30.3,85.3,28.6,DAP
37.3,55.2,37.3,Loamy,tomato,55.1,55.9,39.5,17-17-17
26.8,33.8,24.5,Loamy,cotton,49.7,87.0,18.9,DAP
29.6,81.9,71.9,Red,tomato,41.6,59.0,50.9,17-17-17
30.8,31.6,63.2,Loamy,wheat,43.8,41.8,23.2,20-20
24.8,47.7,48.6,Black,wheat,45.6,61.4,16.6,DAP
15.8,37.9,58.0,Loamy,rice,47.5,37.7,16.7,20-20
18.5,76.5,78.4,Black,rice,52.4,49.7,22.5,20-20
33.2,89.7,74.5,Clayey,wheat,41.7,37.1,18.6,20-20
24.5,78.4,32.3,Sandy,rice,116.2,12.3,18.3,Urea
20.2,90.5,27.0,Loamy,wheat,31.4,95.1,27.4,DAP
19.8,81.4,47.2,Black,maize,47.3,44.7,20.9,20-20
18.8,50.3,34.9,Sandy,wheat,92.3,24.3,19.9,Urea
26.5,77.6,56.4,Black,cotton,37.4,60.0,47.7,14-35-14
20.7,65.5,60.2,Loamy,rice,31.8,56.0,47.5,14-35-14
36.7,63.9,60.2,Loamy,rice,52.1,52.1,16.5,20-20
34.7,48.4,70.2,Black,cotton,51.2,58.8,15.2,28-28
15.9,42.7,69.6,Clayey,potato,15.8,76.2,73.2,10-26-26
28.9,68.0,32.4,Clayey,potato,32.5,40.7,50.4,17-17-17
39.5,84.6,72.0,Sandy,rice,93.3,14.6,23.4,Urea
24.3,80.5,40.4,Clayey,sugarcane,105.7,25.0,25.1,Urea
26.6,70.5,64.9,Sandy,wheat,46.8,94.4,19.1,DAP
16.3,62.8,63.1,Clayey,cotton,41.1,61.9,32.6,14-35-14
32.7,49.4,44.7,Red,banana,28.7,64.6,68.9,10-26-26
28.1,73.6,75.8,Red,maize,37.4,63.6,24.4,DAP
28.6,43.5,52.6,Clayey,banana,30.2,44.5,33.7,17-17-17
27.0,62.7,39.0,Clayey,tomato,25.6,78.2,75.9,10-26-26
31.1,68.2,73.7,Black,banana,17.3,69.2,53.9,10-26-26
28.5,68.1,77.9,Red,sugarcane,96.6,15.9,13.3,Urea
25.1,93.1,26.7,Loamy,maize,43.5,49.3,24.1,20-20
28.8,49.3,45.2,Loamy,rice,116.7,11.6,10.1,Urea
37.7,63.0,31.3,Sandy,maize,60.9,51.5,27.3,28-28
24.8,91.6,28.5,Loamy,banana,45.2,48.6,44.3,17-17-17
28.5,77.3,26.5,Clayey,maize,22.8,98.6,19.8,DAP
28.3,84.5,37.1,Red,sugarcane,35.4,73.7,41.5,14-35-14
29.1,56.7,40.0,Red,potato,12.1,70.7,57.8,10-26-26
35.4,60.3,24.6,Black,maize,55.0,43.2,16.7,28-28
23.2,73.1,65.1,Black,tomato,55.8,34.0,51.2,17-17-17
15.4,89.9,78.6,Red,maize,47.9,39.7,17.4,20-20
35.3,38.4,21.1,Black,potato,16.0,68.8,54.5,10-26-26
30.1,74.0,68.3,Red,maize,34.9,63.1,11.2,DAP
16.7,84.1,30.6,Loamy,tomato,45.5,36.4,38.5,17-17-17
15.0,41.0,43.4,Red,wheat,36.4,75.2,29.5,DAP
28.1,46.2,20.1,Red,rice,32.3,63.5,42.2,14-35-14
29.9,64.1,35.6,Black,cotton,34.7,99.9,27.9,DAP
22.9,35.5,61.1,Black,rice,42.2,36.5,21.4,20-20
22.0,80.9,73.2,Sandy,tomato,32.9,51.2,40.4,17-17-17
22.1,60.0,60.3,Loamy,banana,27.3,68.8,70.1,10-26-26
25.3,38.2,21.7,Loamy,wheat,47.8,40.8,24.5,28-28
31.1,72.3,69.5,Red,maize,40.5,54.6,23.9,20-20
24.4,45.1,35.9,Sandy,cotton,46.0,48.8,18.6,28-28
21.4,52.9,62.3,Clayey,banana,51.6,38.5,35.5,17-17-17
38.7,81.1,25.4,Black,wheat,116.8,13.3,29.8,Urea
29.7,48.0,74.6,Sandy,maize,103.1,23.6,14.4,Urea
25.1,68.7,26.4,Clayey,wheat,53.2,40.4,27.3,20-20
32.5,48.9,40.2,Sandy,tomato,24.0,75.6,54.2,10-26-26
38.9,89.8,38.7,Red,rice,44.3,39.8,22.0,20-20
29.8,64.1,37.0,Loamy,potato,29.9,64.5,72.7,10-26-26
22.7,90.2,29.7,Loamy,potato,37.2,43.3,38.5,17-17-17
30.1,53.3,58.9,Sandy,sugarcane,40.1,63.5,41.7,14-35-14
29.2,86.4,42.7,Loamy,cotton,58.6,59.0,22.0,28-28
22.8,74.0,56.3,Loamy,cotton,39.1,70.6,32.8,14-35-14
20.9,93.1,30.9,Clayey,cotton,34.8,69.9,27.4,DAP
31.1,75.8,74.6,Clayey,sugarcane,100.2,26.5,17.3,Urea
30.1,37.0,50.5,Sandy,banana,22.7,52.2,77.3,10-26-26
37.3,68.8,68.6,Black,banana,52.5,57.4,47.2,17-17-17
15.5,86.9,51.7,Black,maize,139.9,17.0,25.3,Urea
26.5,33.6,45.6,Red,wheat,53.6,47.8,19.7,20-20
32.3,86.6,40.5,Clayey,potato,16.4,79.2,79.6,10-26-26
36.7,67.1,21.8,Sandy,cotton,47.6,84.0,28.8,DAP
19.5,47.5,31.9,Loamy,tomato,43.1,47.8,47.7,17-17-17
22.3,81.2,26.7,Black,cotton,49.3,91.8,19.9,DAP
33.5,82.4,70.6,Black,maize,20.9,89.6,12.1,DAP
28.2,56.1,37.8,Clayey,maize,39.2,51.0,27.0,20-20
36.4,75.6,63.6,Clayey,sugarcane,41.0,59.4,39.7,14-35-14
22.3,88.3,20.8,Sandy,maize,130.9,12.5,27.5,Urea
34.2,62.8,52.6,Black,wheat,33.2,89.0,19.7,DAP
26.2,45.4,42.4,Red,cotton,22.2,84.1,23.4,DAP
30.8,64.6,26.9,Sandy,rice,32.3,60.1,32.9,14-35-14
34.1,47.2,21.3,Red,wheat,28.9,90.8,22.5,DAP
20.3,91.0,20.4,Red,cotton,37.5,51.5,42.5,14-35-14
27.6,62.1,20.2,Red,maize,42.7,54.4,17.4,20-20
17.8,85.2,52.0,Red,wheat,37.2,52.5,26.7,20-20
33.6,35.2,22.9,Red,tomato,18.9,76.9,53.8,10-26-26
27.3,90.0,21.0,Clayey,rice,40.1,44.8,21.1,20-20
34.7,50.2,39.6,Loamy,potato,21.4,77.2,53.7,10-26-26
37.5,86.8,55.8,Red,rice,119.9,13.5,28.3,Urea
20.9,78.7,75.1,Loamy,potato,52.5,38.2,48.7,17-17-17
30.4,84.8,25.9,Black,rice,46.3,66.4,49.3,14-35-14
28.4,35.5,38.2,Black,wheat,54.0,41.4,28.0,20-20
27.5,37.2,43.4,Sandy,wheat,42.2,36.8,18.9,20-20
33.7,30.8,58.7,Red,banana,31.8,51.0,30.3,17-17-17
30.2,37.8,39.2,Sandy,tomato,14.7,68.2,62.1,10-26-26
31.7,94.6,59.7,Sandy,maize,41.9,78.6,11.2,DAP
15.2,56.2,34.1,Black,tomato,40.1,54.8,30.0,17-17-17
28.8,42.2,23.4,Clayey,tomato,29.9,73.5,77.7,10-26-26
37.6,75.3,25.8,Clayey,wheat,41.4,50.3,27.0,20-20
38.7,77.2,33.2,Black,wheat,50.9,45.9,24.7,20-20
36.4,63.5,26.3,Black,tomato,20.4,58.9,62.7,10-26-26
33.5,74.1,35.1,Black,potato,35.1,31.6,51.5,17-17-17
21.0,91.0,30.3,Black,potato,21.4,75.9,64.3,10-26-26
32.1,41.9,69.3,Black,maize,40.6,40.4,22.8,20-20
15.9,41.4,72.0,Clayey,rice,49.0,67.4,38.7,14-35-14
30.8,89.5,32.5,Red,tomato,13.3,70.2,54.0,10-26-26
35.5,64.9,71.6,Black,rice,36.7,47.9,26.4,20-20
35.0,36.8,54.6,Clayey,cotton,69.4,46.4,16.0,28-28
35.8,47.7,51.1,Clayey,maize,48.2,70.4,18.6,DAP
17.0,87.3,24.7,Red,rice,42.4,46.4,28.2,20-20
21.3,30.6,63.4,Sandy,rice,46.4,75.3,39.7,14-35-14
24.7,34.3,21.1,Black,maize,42.6,48.5,21.3,28-28
36.6,90.0,47.9,Black,wheat,135.1,21.7,10.7,Urea
36.3,52.5,22.1,Red,banana,42.2,56.4,49.5,17-17-17
31.3,39.9,23.7,Black,cotton,33.8,62.3,29.9,DAP
28.7,58.3,64.9,Sandy,tomato,12.6,70.2,65.3,10-26-26
24.0,38.1,35.2,Sandy,banana,30.7,55.8,47.3,17-17-17
16.7,88.3,27.2,Red,potato,48.4,39.8,35.8,17-17-17
26.2,38.7,77.5,Black,cotton,34.8,65.0,43.6,14-35-14
19.8,89.6,53.2,Red,banana,42.9,39.4,51.8,17-17-17
25.7,48.7,64.2,Clayey,banana,29.8,51.6,60.7,10-26-26
16.4,75.2,79.0,Black,wheat,24.3,64.9,16.1,DAP
20.8,67.3,69.3,Black,potato,12.3,71.6,65.0,10-26-26
37.0,52.8,25.0,Loamy,wheat,35.4,49.1,15.3,20-20
28.3,66.7,56.0,Clayey,tomato,41.4,48.5,59.1,17-17-17
38.5,73.5,60.7,Loamy,sugarcane,41.9,50.3,42.7,14-35-14
22.2,54.5,43.6,Black,tomato,35.0,39.3,45.1,17-17-17
25.1,78.0,62.3,Sandy,rice,36.9,61.9,35.3,14-35-14
21.6,77.7,58.2,Loamy,tomato,12.3,78.0,55.5,10-26-26
23.3,91.1,40.6,Loamy,tomato,39.9,31.6,43.5,17-17-17
34.3,30.2,71.5,Clayey,cotton,41.0,62.5,44.4,14-35-14
15.9,78.5,32.1,Loamy,wheat,31.0,73.1,13.0,DAP
40.0,44.3,26.2,Black,tomato,56.3,45.8,44.0,17-17-17
25.1,60.5,62.3,Clayey,potato,34.3,39.1,34.2,17-17-17
26.7,56.7,69.1,Clayey,tomato,49.5,42.6,43.7,17-17-17
28.8,36.1,40.6,Red,wheat,31.7,91.9,17.4,DAP
24.8,72.8,26.5,Red,sugarcane,40.0,62.2,49.1,14-35-14
38.8,67.5,41.4,Loamy,rice,35.0,66.9,37.2,14-35-14
20.7,52.2,42.9,Loamy,maize,27.2,80.4,26.5,DAP
31.0,37.8,49.0,Red,tomato,25.6,50.6,76.7,10-26-26
31.7,87.7,47.6,Black,wheat,54.4,46.2,20.0,20-20
30.1,70.2,76.4,Clayey,maize,43.8,50.4,21.5,28-28
25.1,88.9,39.3,Clayey,sugarcane,34.5,69.2,49.6,14-35-14
26.0,77.4,76.4,Clayey,wheat,65.9,64.7,17.6,28-28
31.8,32.1,52.1,Red,potato,54.2,39.6,46.9,17-17-17
38.1,31.6,54.9,Black,potato,14.4,62.9,69.6,10-26-26
17.0,51.5,34.9,Black,wheat,49.7,48.7,18.2,20-20
21.4,72.3,27.0,Clayey,tomato,18.7,58.0,68.1,10-26-26
39.6,90.1,67.1,Black,tomato,26.3,62.3,59.8,10-26-26
19.6,92.2,42.6,Black,banana,31.9,44.6,33.3,17-17-17
39.2,50.9,79.9,Loamy,tomato,15.2,52.0,50.8,10-26-26
30.6,58.0,37.3,Red,wheat,36.0,36.9,15.5,20-20
18.1,34.6,74.6,Clayey,banana,54.6,46.3,32.3,17-17-17
24.1,64.8,67.3,Sandy,banana,29.2,74.7,66.9,10-26-26
37.6,84.4,27.6,Red,wheat,64.9,67.6,24.7,28-28
36.3,32.7,23.0,Black,tomato,31.9,39.7,50.2,17-17-17
19.3,87.1,53.5,Black,cotton,51.1,58.4,22.9,28-28
17.1,94.0,60.0,Sandy,maize,37.2,54.3,17.6,20-20
15.9,46.4,62.8,Black,maize,81.8,27.3,17.1,Urea
34.5,83.6,49.7,Black,cotton,39.1,84.6,11.3,DAP
20.4,70.8,75.4,Black,tomato,31.0,37.1,39.3,17-17-17
35.1,48.2,31.5,Black,potato,10.7,77.1,52.2,10-26-26
22.2,70.1,78.9,Sandy,maize,31.3,60.4,26.4,DAP
25.8,54.6,74.9,Loamy,maize,47.5,56.4,19.1,28-28
24.0,46.5,37.7,Loamy,rice,130.9,12.7,24.2,Urea
17.8,72.1,72.5,Sandy,wheat,56.4,43.2,15.7,28-28
26.6,30.1,55.9,Red,wheat,26.0,79.7,11.3,DAP
30.5,83.6,61.3,Clayey,tomato,37.3,42.8,59.0,17-17-17
24.2,39.3,61.8,Loamy,potato,18.7,74.6,77.2,10-26-26
38.3,43.4,41.5,Black,tomato,23.2,65.3,64.3,10-26-26
19.5,36.5,23.3,Black,potato,20.2,51.6,66.1,10-26-26
37.4,89.8,23.3,Red,tomato,11.9,78.5,68.7,10-26-26
25.3,75.8,33.0,Black,banana,41.7,59.3,58.6,17-17-17
23.4,38.7,23.8,Red,wheat,99.3,26.2,15.1,Urea
35.1,57.7,79.7,Black,wheat,63.4,60.2,26.5,28-28
31.3,82.7,56.8,Clayey,cotton,31.8,98.2,12.7,DAP
17.8,71.9,70.1,Clayey,banana,49.4,43.8,45.9,17-17-17
28.8,37.5,27.6,Black,maize,39.0,37.9,30.0,20-20
19.5,47.1,51.5,Loamy,maize,66.0,48.9,17.4,28-28
37.7,78.3,52.0,Clayey,tomato,50.8,30.3,41.8,17-17-17
34.6,66.8,38.8,Clayey,cotton,40.5,40.5,28.7,28-28
35.0,86.1,29.0,Red,wheat,48.8,55.8,25.5,28-28
33.6,48.2,53.9,Sandy,maize,47.7,37.8,21.6,20-20
34.6,55.7,58.8,Loamy,tomato,11.6,70.6,73.6,10-26-26
31.4,54.7,31.8,Clayey,cotton,25.8,66.7,22.3,DAP
28.3,68.4,23.7,Clayey,rice,49.5,56.8,36.1,14-35-14
20.5,40.7,44.4,Clayey,wheat,49.2,43.4,22.8,20-20
22.5,56.7,33.1,Red,rice,37.6,42.4,15.4,20-20
30.0,49.3,62.9,Clayey,rice,32.1,65.4,40.2,14-35-14
39.6,88.9,23.3,Black,maize,53.3,40.3,28.4,20-20
38.4,68.8,68.6,Red,tomato,28.6,73.1,72.4,10-26-26
25.0,53.9,40.6,Red,wheat,35.6,62.7,26.0,DAP
30.2,41.1,23.9,Red,rice,137.9,26.2,16.1,Urea
26.7,34.6,69.1,Red,rice,46.5,45.3,22.7,20-20
22.7,45.7,34.0,Black,tomato,46.7,38.7,42.5,17-17-17
17.8,79.2,65.5,Black,banana,15.3,56.7,64.0,10-26-26
18.8,87.6,47.5,Red,potato,49.9,50.4,58.0,17-17-17
26.4,55.8,45.9,Clayey,potato,44.2,40.0,47.4,17-17-17
17.6,38.2,78.7,Black,cotton,65.4,49.7,25.1,28-28
38.1,72.9,43.3,Red,tomato,37.9,47.4,51.5,17-17-17
21.7,59.6,48.2,Black,banana,21.1,69.4,50.4,10-26-26
36.1,37.4,35.3,Sandy,tomato,31.9,47.3,33.6,17-17-17
16.2,80.8,69.7,Clayey,wheat,128.0,26.5,13.7,Urea
15.4,66.8,75.9,Clayey,rice,41.8,54.1,28.5,20-20
23.0,64.2,61.3,Red,banana,31.5,31.5,41.6,17-17-17
26.4,55.8,47.3,Sandy,maize,61.9,44.1,18.0,28-28
28.7,48.7,38.4,Black,rice,48.7,62.9,47.6,14-35-14
27.5,46.0,48.3,Loamy,wheat,62.5,62.6,23.7,28-28
15.4,90.7,50.1,Clayey,rice,89.8,11.4,22.8,Urea
38.5,92.0,74.9,Black,sugarcane,80.9,28.6,18.6,Urea
39.7,52.4,23.7,Sandy,wheat,45.4,39.3,26.7,20-20
19.3,51.9,21.1,Red,maize,35.7,53.4,25.1,20-20
23.2,73.4,68.5,Loamy,wheat,43.9,77.4,26.4,DAP
16.9,77.3,49.7,Black,sugarcane,106.1,14.9,26.4,Urea
31.7,67.7,42.3,Sandy,maize,138.4,15.7,16.1,Urea
26.6,87.7,47.3,Sandy,tomato,28.2,78.3,65.6,10-26-26
18.0,61.1,50.4,Red,wheat,36.5,98.6,18.6,DAP
38.7,91.4,56.6,Black,maize,63.6,57.7,15.1,28-28
19.6,30.4,48.0,Sandy,maize,39.5,37.6,28.3,20-20
15.4,83.9,63.9,Clayey,cotton,44.0,61.9,49.1,14-35-14
23.1,94.8,78.8,Black,maize,23.9,87.5,11.9,DAP
17.1,82.5,71.7,Red,rice,40.3,63.2,49.9,14-35-14
28.0,78.6,70.2,Loamy,banana,43.1,58.6,51.6,17-17-17
27.9,60.1,22.7,Red,sugarcane,48.6,61.8,40.9,14-35-14
39.7,74.5,76.9,Loamy,maize,51.5,56.6,16.2,28-28
22.9,85.1,76.8,Black,maize,48.3,48.4,29.5,28-28
38.6,32.6,62.3,Sandy,maize,113.3,19.5,16.3,Urea
29.3,78.2,66.0,Sandy,maize,124.8,21.7,29.2,Urea
24.4,82.0,73.1,Sandy,cotton,46.0,46.5,25.4,28-28
34.2,90.8,74.6,Sandy,potato,56.6,36.0,38.5,17-17-17
27.5,34.4,44.3,Loamy,sugarcane,92.4,10.2,12.7,Urea
18.2,59.0,68.9,Red,tomato,14.9,72.5,57.9,10-26-26
20.4,48.7,53.4,Red,maize,44.7,46.6,22.8,28-28
33.9,69.4,30.0,Loamy,rice,49.4,36.7,22.0,20-20
29.5,66.1,64.4,Loamy,banana,13.4,68.6,71.6,10-26-26
23.1,32.8,75.5,Red,rice,95.2,23.9,11.5,Urea
27.7,83.0,76.2,Sandy,maize,54.0,45.7,20.9,20-20
28.5,43.2,76.6,Black,maize,89.7,28.6,26.2,Urea
36.7,45.9,29.4,Sandy,wheat,45.1,87.9,23.6,DAP
17.1,33.4,51.9,Black,maize,88.3,12.7,29.4,Urea
30.4,89.2,50.6,Clayey,cotton,58.8,48.4,27.8,28-28
39.2,55.5,71.3,Red,sugarcane,34.6,63.7,45.6,14-35-14
26.1,63.5,41.6,Loamy,maize,24.9,75.6,29.4,DAP
38.8,43.6,67.3,Black,wheat,47.4,36.0,22.3,20-20
30.1,51.9,74.3,Clayey,cotton,27.9,85.8,21.9,DAP
27.6,35.4,57.2,Loamy,banana,18.7,55.8,55.7,10-26-26
27.0,61.6,54.0,Sandy,wheat,51.0,44.0,25.8,20-20
35.1,48.3,30.6,Sandy,sugarcane,128.4,29.8,18.3,Urea
22.9,61.4,37.7,Black,wheat,35.5,40.7,23.3,20-20
30.1,89.7,41.7,Sandy,sugarcane,47.9,63.7,38.9,14-35-14
22.0,90.5,21.5,Loamy,potato,51.8,55.1,59.2,17-17-17
33.7,43.9,72.0,Black,potato,46.0,42.2,35.1,17-17-17
36.1,35.2,62.4,Black,potato,56.2,37.3,43.5,17-17-17
32.4,63.3,38.3,Clayey,maize,42.9,76.3,25.2,DAP
23.2,79.2,43.6,Sandy,potato,43.3,52.3,36.8,17-17-17
39.8,73.6,39.0,Sandy,wheat,36.3,85.4,14.4,DAP
18.1,69.0,53.0,Red,tomato,56.9,59.0,43.3,17-17-17
32.7,50.1,28.0,Black,maize,56.9,58.7,28.0,28-28
35.4,80.6,65.7,Red,maize,61.0,51.1,21.5,28-28
18.3,55.9,75.4,Sandy,wheat,22.1,62.3,15.6,DAP
38.7,49.8,30.1,Clayey,wheat,41.1,35.7,19.8,20-20
27.3,41.8,64.1,Loamy,rice,45.3,50.5,23.4,20-20
17.0,77.3,49.8,Sandy,wheat,20.2,62.3,14.5,DAP
32.0,54.2,28.7,Loamy,tomato,12.3,67.3,51.2,10-26-26
18.0,65.4,20.3,Sandy,cotton,31.9,87.8,17.8,DAP
17.6,90.9,61.3,Loamy,maize,25.0,90.8,24.2,DAP
17.0,90.1,39.5,Black,maize,53.3,41.3,25.3,28-28
34.5,64.0,58.5,Sandy,potato,50.4,51.5,48.2,17-17-17
27.7,55.2,74.4,Sandy,sugarcane,45.6,53.7,46.0,14-35-14
16.5,49.5,48.5,Loamy,banana,42.0,31.7,47.5,17-17-17
35.7,53.8,41.2,Clayey,wheat,45.1,66.9,26.7,28-28
37.9,62.1,47.2,Red,wheat,48.4,36.0,16.7,20-20
17.6,41.2,45.9,Red,maize,37.8,43.5,20.1,20-20
18.7,44.9,63.3,Loamy,maize,118.5,23.9,20.9,Urea
22.1,49.4,36.7,Sandy,cotton,65.0,69.3,22.1,28-28
22.4,68.6,22.0,Sandy,sugarcane,31.4,78.2,40.1,14-35-14
36.7,69.1,62.5,Clayey,wheat,123.3,28.8,10.0,Urea
27.2,52.0,53.0,Sandy,tomato,25.7,59.7,71.6,10-26-26
22.5,90.0,33.8,Loamy,banana,22.6,72.5,63.1,10-26-26
26.6,50.8,48.6,Sandy,wheat,54.7,65.8,23.9,28-28
16.8,48.9,72.9,Clayey,tomato,27.6,50.6,72.6,10-26-26
29.6,56.0,61.9,Red,sugarcane,121.8,18.2,27.5,Urea
32.9,63.9,69.3,Black,maize,46.9,62.9,29.1,DAP
24.3,55.7,70.7,Black,sugarcane,84.2,14.2,23.4,Urea
16.9,77.6,57.0,Red,banana,23.3,58.5,67.6,10-26-26
16.7,47.4,74.7,Clayey,wheat,49.4,40.1,25.8,20-20
36.8,64.0,62.0,Loamy,maize,49.8,40.3,27.4,28-28
34.1,56.6,59.3,Sandy,cotton,33.2,54.8,31.4,14-35-14
28.2,83.7,47.8,Clayey,cotton,57.9,47.9,24.9,28-28
38.3,65.3,51.6,Red,banana,10.0,74.3,52.6,10-26-26
24.3,30.1,38.0,Red,rice,49.5,75.4,30.5,14-35-14
17.0,64.1,44.6,Red,sugarcane,86.7,18.0,29.4,Urea
36.2,88.1,23.7,Black,sugarcane,30.6,79.1,34.4,14-35-14
25.4,48.4,37.0,Loamy,wheat,48.2,42.1,27.1,20-20
22.7,62.0,67.8,Black,cotton,46.8,56.5,22.9,28-28
32.4,30.4,26.1,Loamy,rice,40.0,73.8,44.1,14-35-14
15.7,54.4,57.6,Sandy,rice,51.5,39.7,24.8,20-20
17.6,72.8,76.6,Loamy,wheat,28.4,97.2,15.1,DAP
20.0,88.2,48.5,Clayey,sugarcane,121.7,12.8,22.1,Urea
36.6,30.1,63.1,Sandy,sugarcane,47.4,57.7,43.3,14-35-14
18.4,73.9,43.8,Red,potato,58.5,56.4,57.2,17-17-17
29.5,63.6,65.5,Black,rice,37.1,76.8,48.9,14-35-14
34.3,35.6,34.2,Black,maize,46.5,75.7,26.6,DAP
38.8,39.8,45.9,Clayey,maize,32.6,85.5,18.0,DAP
39.8,87.4,48.4,Black,rice,54.5,51.9,22.5,20-20
22.0,89.0,34.4,Loamy,rice,109.4,29.7,14.8,Urea
38.9,46.1,71.6,Red,potato,55.6,30.4,45.4,17-17-17
34.4,52.0,53.8,Clayey,wheat,46.7,44.3,27.3,20-20
18.3,85.6,29.9,Black,cotton,45.5,64.8,19.3,28-28
28.2,81.2,70.4,Clayey,banana,16.8,64.1,75.7,10-26-26
32.9,85.6,41.4,Red,cotton,48.9,49.0,16.6,28-28
17.3,36.6,31.9,Black,wheat,38.1,39.9,27.6,20-20
28.0,39.8,64.2,Sandy,maize,40.4,61.7,11.7,DAP
16.7,33.1,37.7,Black,maize,55.7,48.2,21.0,28-28
24.1,84.7,53.3,Black,wheat,35.2,36.5,18.8,20-20
32.4,53.7,64.3,Clayey,cotton,43.6,57.2,18.9,28-28
28.9,88.1,78.5,Sandy,tomato,17.1,56.4,72.7,10-26-26
22.9,36.9,42.0,Loamy,potato,53.0,59.0,59.1,17-17-17
18.2,91.5,28.0,Red,tomato,28.7,71.6,72.6,10-26-26
26.1,51.5,46.9,Red,cotton,24.4,78.0,21.8,DAP
18.1,39.6,21.8,Loamy,tomato,23.2,62.9,72.9,10-26-26
25.0,45.7,32.2,Red,potato,49.3,51.5,59.3,17-17-17
29.9,78.0,21.9,Black,cotton,45.2,57.0,19.4,28-28
19.2,60.9,23.3,Loamy,cotton,44.4,69.2,26.4,28-28
30.0,64.5,21.7,Black,maize,44.2,47.6,23.4,20-20
27.7,67.2,75.9,Clayey,tomato,40.2,59.9,37.9,17-17-17
39.5,78.6,53.5,Red,maize,29.6,90.1,15.4,DAP
31.8,79.5,34.3,Clayey,sugarcane,139.0,18.0,26.3,Urea
15.1,60.3,54.3,Clayey,wheat,43.9,40.7,20.4,28-28
25.4,35.8,61.0,Sandy,wheat,49.4,69.1,18.1,DAP
28.4,87.2,44.6,Sandy,tomato,15.6,59.7,78.4,10-26-26
31.4,45.6,31.5,Clayey,sugarcane,40.1,56.6,30.8,14-35-14
32.8,83.2,60.0,Sandy,wheat,50.3,39.2,19.9,20-20
38.4,83.4,68.6,Sandy,sugarcane,42.3,52.7,39.8,14-35-14
17.7,57.5,47.1,Clayey,rice,37.0,38.3,28.9,20-20
25.5,54.9,51.1,Loamy,sugarcane,137.5,13.7,11.8,Urea
20.5,80.7,32.1,Sandy,maize,44.5,35.2,16.3,20-20
28.4,45.2,40.6,Sandy,sugarcane,101.3,23.0,19.6,Urea
34.0,84.2,46.4,Loamy,cotton,35.2,55.8,31.2,14-35-14
39.4,34.5,53.3,Sandy,cotton,58.0,45.4,25.6,28-28
21.1,76.9,71.3,Black,sugarcane,103.8,23.4,14.1,Urea
38.3,71.1,37.3,Red,banana,28.9,64.7,60.3,10-26-26
36.4,55.7,31.9,Loamy,rice,49.7,50.9,19.0,20-20
